{
    "TMC": {
        "a": [
            0.2757381498813629,
            0.198577880859375,
            0.11840448528528214
        ],
        "b": [
            -0.2835553288459778,
            -0.1298205405473709,
            0.10345667600631714
        ]
    },
    "VEF": {
        "a": [
            0.038944169878959656,
            -1.3040260076522827,
            2.030245542526245
        ],
        "b": [
            -0.6004431247711182,
            -0.32867881655693054,
            0.03281589224934578
        ]
    },
    "FLD": {
        "a": [
            -0.08359328657388687,
            0.267790287733078,
            0.11168038845062256
        ],
        "b": [
            0.9390918016433716,
            1.660260558128357,
            5.160895824432373
        ]
    }
}
