{
	"TMC":
	{
		"a" : [0.17564605, 0.1704457, 0.16515394],
		"b" : [-0.16603522, -0.15523751,  0.17355144]
	}
	,
	"VEF":
	{
		"a" : [ 0.13236229, -1.20326   ,  2.1208322 ],
		"b" : [-0.01055873, -0.04347764,  0.12234397]
	}
	,
	"FLD":
	{
		"a" : [0.34319088, 0.3860585 , 0.43038312],
		"b" : [-0.24843207, -0.36392927,  0.46217573]
	}
}