{
    "TMC": {
        "a": [
            0.21029025316238403,
            0.1768975555896759,
            0.14257031679153442
        ],
        "b": [
            -0.22931019961833954,
            -0.1561598926782608,
            0.127942755818367
        ]
    },
    "VEF": {
        "a": [
            0.077472023665905,
            -1.2610865831375122,
            2.0402743816375732
        ],
        "b": [
            -0.5815325975418091,
            -0.3518674671649933,
            -0.025075620040297508
        ]
    },
    "FLD": {
        "a": [
            0.32760098576545715,
            0.4798002243041992,
            0.6336641311645508
        ],
        "b": [
            -0.006141706369817257,
            -0.4126671552658081,
            0.7325572967529297
        ]
    }
}
