{
    "TMC": {
        "a": [
            0.21029025316238403,
            0.1768975555896759,
            0.14257031679153442
        ],
        "b": [
            -0.22931019961833954,
            -0.1561598926782608,
            0.127942755818367
        ]
    },
    "VEF": {
        "a": [
            0.077472023665905,
            -1.2610865831375122,
            2.0402743816375732
        ],
        "b": [
            -0.5815325975418091,
            -0.3518674671649933,
            -0.025075620040297508
        ]
    },
    "FLD": {
        "a": [
            -0.11762210726737976,
            0.25404664874076843,
            0.08397627621889114
        ],
        "b": [
            0.8778607249259949,
            1.409399390220642,
            5.442233085632324
        ]
    }
}
